,MICHAEL SCHäR,SYLVAIN CHAVANEL,SIMON YATES,MIKEL NIEVE,YUKIYA ARASHIRO,NAIRO QUINTANA,ANDRIY GRIVKO,JANEZ BRAJKOVIC,MICHAEL VALGREN,TSGABU GEBREMARIAM GRMAY,CHRIS FROOME,JESUS HERRADA LOPEZ,HAIMAR ZUBELDIA,FABIO ARU,ROBERT KISERLOVSKI,VASIL KIRYIENKA,PERRIG QUEMENEUR,LILIAN CALMEJANE,TAYLOR PHINNEY,ADAM HANSEN,WARREN BARGUIL,STEFAN KüNG,BORUT BOZIC,JULIEN VERMOTE,NICOLAS EDET,TOM LEEZER,ALBERT TIMMER,DANIEL NAVARRO,OLIVER NAESEN,GEORGE BENNETT,DANIEL MCLAY,FABIO SABATINI,NICOLAS ROCHE,ALEXEY LUTSENKO,TIM WELLENS,ANDRE GREIPEL,FABIO FELLINE,MARKEL IRIZAR,DAMIEN HOWSON,MICHAL KWIATKOWSKI,SERGIO HENAO,GUILLAUME VAN KEIRSBULCK,BEN SWIFT,DIEGO ULISSI,MARCO HALLER,JACK BAUER,DARIO CATALDO,ROMAN KREUZIGER,THOMAS VOECKLER,ROMAIN SICARD,THOMAS DE GENDT,BAKHTIYAR KOZHATAYEV,DARYL IMPEY,MARCEL KITTEL,BRICE FEILLU,JACOBUS VENTER,MARCUS BURGHARDT,THOMAS DEGAND,JASHA SUTTERLIN,PATRICK BEVIN,MICHAEL GOGL,AMAëL MOINARD,SERGE PAUWELS,ROBERT WAGNER,CHRISTIAN KNEES,JOHAN ESTEBAN CHAVES RUBIO,MARCO MARCATO,VEGARD STAKE LAENGEN,NIKIAS ARNDT,GREGA BOLE,DIMITRI CLAEYS,RAMON SINKELDAM,DANILO WYSS,TONY MARTIN,SIMON GESCHKE,MATHEW HAYMAN,JAVIER MORENO,DMITRIY GRUZDEV,ALEXIS VUILLERMOZ,MATTEO BONO,BAUKE MOLLEMA,DAVIDE CIMOLAI,SCOTT THWAITES,ALBERTO BETTIOL,ROY CURVERS,MACIEJ BODNAR,NILS POLITT,ARTHUR VICHOT,ALBERTO CONTADOR,ONDREJ CINK,DARWIN ATAPUMA,MARCEL SIEBERG,TONY GALLOPIN,YOANN OFFREDO,ANDREA PASQUALON,PHILIPPE GILBERT,DYLAN GROENEWEGEN,CYRIL LEMOINE,GREG VAN AVERMAET,DANIEL MARTIN,RIGOBERTO URAN,THOMAS BOUDAT,RAFAL MAJKA,PIERRE ROLLAND,JüRGEN ROELANDTS,PIETER VANSPEYBROUCK,GUILLAUME MARTIN,JENS KEUKELEIRE,OLIVIER LE GAC,AXEL DOMONT,PRIMOZ ROGLIC,MICHAEL ALBASINI,ALEXANDER KRISTOFF,ADRIEN PETIT,SONNY COLBRELLI,BERNHARD EISEL,PIERRE-LUC PERICHON,FLORIAN VACHON,ALESSANDRO DE MARCHI,MAURITS LAMMERTINK,DAMIANO CARUSO,LAURENT PICHON,EMANUEL BUCHMANN,MARCO MINNAARD,YOHANN GENE,KRISTIJAN DURASEK,PAWEL POLJANSKI,JAN BAKELANTS,BEN GASTAUER,MICHAEL MATTHEWS,ZDENEK STYBAR,RICK ZABEL,JOHN DEGENKOLB,REINARDT JANSE VAN RENSBURG,MIKE TEUNISSEN,FREDERIK BACKAERT,EDUARDO SEPULVEDA,JARLINSON PANTANO,DANIELE BENNATI,RUDIGER SELIG,TIAGO MACHADO,SIMON CLARKE,LUKE ROWE,TIESJ BENOOT,TIMO ROOSEN,DION SMITH,JAKOB FUGLSANG,MIKEL LANDA,ROMAIN HARDY,CHRISTOPHE LAPORTE,LAURENS TEN DAM,PAUL MARTENS,PIERRE-ROGER LATOUR,GIANLUCA BRAMBILLA,CARLOS BETANCUR,RUDY MOLARD,IMANOL ERVITI,THIBAUT PINOT,MATHIAS FRANK,FLORIAN SENECHAL,ANDREY ZEITS,STEVE CUMMINGS,CYRIL GAUTIER,LOUIS MEINTJES,EDVALD BOASSON HAGEN,NATHAN BROWN,ANDREY AMADOR,ROMAIN BARDET,LARS YTTING BAK,ANDREW TALANSKY,RETO HOLLENSTEN,ANGELO TULIK,MAXIME BOUET,JONATHAN CASTROVIEJO NICOLAS,KOEN DE KORT,NACER BOUHANNI,DYLAN VAN BAARLE,LUIS ANGEL MATE,JULIEN SIMON,JAY MCCARTHY
0,5009.88319159,7109.80047995,7459.35094012,548.539677823,3552.00962733,794.832586025,7639.36401287,2849.08130102,7037.49047581,407.143868778,7263.04059095,-825.048460042,6921.40609936,577.444415484,1446.31098402,1043.08840975,8087.79234571,788.212264392,8300.56695469,4484.37159417,4739.18617085,5208.77613198,4613.21289526,4814.1206201,10795.9316987,551.095814134,2755.00770123,11773.5655551,336.12837709,1192.16505567,546.552900602,212.817696762,5619.97140062,3456.10127011,9019.00366543,7097.06357755,3394.26782663,7016.78439094,1434.11075231,6277.82651312,261.474781316,493.444405196,3300.64475227,559.539778286,9619.01645892,537.427994839,1330.65150567,4884.40053864,2558.60346576,798.720930573,4496.66565289,889.121912689,256.464100768,3397.82553398,18438.7773516,715.537087342,233.979973414,3103.29343601,-603.093232746,8384.5028603,639.223447687,519.641058179,7599.43868701,6024.08620649,492.328336152,676.806565635,3582.30222465,649.078822472,654.550206425,219.776257741,269.014897289,8594.9633519,3895.38875348,1370.91212479,1200.50169363,70.8756497115,1101.33419454,8293.41150638,2740.40465475,4485.67883912,2132.80202358,6589.09378311,1134.88850258,4517.63264654,3241.16581075,2571.40895351,610.569089033,2167.20306955,1280.44286107,3702.91860824,1046.78700725,12134.9718512,10354.2133785,5373.77433863,466.639323542,631.154448609,12242.6171064,5791.56170399,8523.1652346,7102.47672836,3774.09404002,1217.63364572,695.139320248,5656.14066067,658.391500969,14520.4835265,3739.1748262,2303.71233345,7334.4377532,1140.7125231,4314.11609368,399.252026086,9444.2608976,-110.462122605,526.632423128,485.031682094,436.842096181,13037.9717739,1461.30323319,696.850785959,4132.95165251,413.132468255,10954.2576759,2416.89021197,14037.1811386,1178.83501645,1767.72739968,4482.12919271,4354.64840597,5421.73966343,7241.53912119,148.293855756,8249.91049614,9527.58578726,577.890696077,250.247192283,1564.33436876,6250.08806596,5126.55826409,3414.42313177,452.278229931,548.897109288,7382.10687056,6122.44369861,6119.07096198,3318.83461875,592.59296581,1327.60843687,747.271370533,12644.2602501,5242.92764051,5399.08836279,2193.36363015,1237.75177068,899.966942776,282.288517705,8479.76086636,4211.85039383,4960.57115313,-784.831488033,592.801721988,7450.8394177,6617.4845644,6342.94645332,10220.1506025,470.459075791,575.530918577,8551.31623769,6884.85107525,6361.60180571,7806.46369106,10349.8042428,1628.03707292,5918.97757847,4704.82634045,7425.88653111,2043.07828372,7228.79941918,12666.8574751,2793.71738626
1,16724.65705,17179.5199378,16659.3293188,17176.9848492,17418.6355564,17369.0595949,17045.9898931,16916.5827148,16708.0129998,17536.0336373,15872.0605672,17581.2694259,16225.3407501,17319.2601743,17361.1047615,17382.8742461,16628.5652784,17564.4230345,18212.7622006,16519.7574793,16760.8094467,17790.6181042,17816.0183368,16939.1414557,16644.4165621,17272.4343861,17460.5675728,14703.0461157,17306.7374996,17583.2529081,17568.8461345,17082.716169,16386.2022501,17707.0739406,17310.2692477,15966.1662211,17716.877002,16343.3867052,17394.203083,17055.3156219,17542.451414,17237.5151653,18155.262312,17426.8900939,17807.5923401,17346.2196704,17238.8196672,16838.1021884,17198.9539573,17541.5354563,16747.0992447,17221.8383833,17449.7455114,17419.8567891,16368.7352441,17323.9364683,17210.1700422,17154.484213,17353.1701695,17446.0438809,17683.9203149,17547.2154404,16570.0710912,17856.6215608,17516.8335434,17226.2546557,17541.7889413,17393.9459739,17304.9242713,17156.427863,17170.804274,17363.9128119,16467.4878574,17458.7722042,17184.1592868,17297.6825474,17326.4491973,16563.737753,17499.2311377,17790.7683693,17261.1440577,17053.2131807,17679.6058267,17313.4212689,17913.411391,17586.2341911,16913.4439123,17756.7290466,17164.1921523,17384.2007111,17106.3334766,16523.7866218,17083.6703181,17760.7395447,17689.7833715,17748.080074,17714.0473313,17716.7900325,17329.1896621,16065.1376948,16341.0738249,18013.2870782,17458.8748128,16412.2198217,17148.6681248,18663.6153324,18087.0354668,17262.5187124,16999.9308239,17328.8913838,17735.9206135,17537.2162527,17645.0567799,17160.2679435,17153.4296595,17333.0156543,17470.8660655,16500.2575679,17331.1750844,17856.7712585,16888.6222921,17507.5945316,16363.3238783,17901.2683984,16953.0393381,17010.8663743,17042.935289,16871.9547217,17282.53802,16972.3158193,17217.5152327,16906.5109494,17179.9519615,16988.2324591,17385.1391144,17318.9822851,17609.5673955,16273.8890688,15842.4276129,18399.365347,17550.4030746,17498.8112862,16848.6873184,17768.645718,17474.9308657,17322.5506598,17342.7155223,17405.9775136,17557.5049716,17606.0667474,16531.130508,17045.7216368,17668.1329827,17320.6692584,18139.9673001,17387.5915455,16917.0092388,16105.3956721,16411.9699435,17205.5263683,17337.8423889,16779.384381,16561.3147775,16315.8609492,16698.9172714,17568.0556086,17290.6490869,16694.8417871,17034.7630904,15625.3946524,16986.5804087,16771.3743303,17315.6658388,16038.3868325,16479.3919368,17358.0833017,17350.6180458,16217.0148598,16182.530387,16688.2716798
2,17281.031534,17657.7651891,17096.267606,17966.7263085,18077.2088195,18156.2260491,17492.7425734,17584.6962384,17167.2990299,18349.5429139,16280.9322284,18455.4481118,16667.2162744,18114.3859887,18116.9524871,18158.9062911,17034.1956552,18361.182385,18683.5260909,17091.3589198,17331.757254,18388.1726042,18443.0645055,17514.999965,16922.1810147,18066.5876692,18158.9846643,14842.1771186,18112.7294896,18361.7214604,18377.2927788,17883.9250674,16897.5271981,18383.9011387,17704.0496711,16387.3900934,18397.1064615,16786.338794,18152.2021911,17567.175263,18363.1838135,18032.7480774,18860.7586605,18227.9779717,18196.4956801,18144.526399,17994.3527197,17405.8241665,17894.2740335,18336.7087056,17328.9140327,17997.53468,18266.3129663,18085.8107801,16270.4218986,18112.7258848,18016.4270903,17821.823089,18205.9742361,17876.4073066,18493.430984,18355.9129045,16996.1169573,18418.5889391,18325.3852419,18012.2442747,18204.7724793,18189.2167093,18095.7072084,17960.8070949,17973.5277801,17780.3800686,17064.5796354,18222.8394376,17943.2775894,18115.8422417,18097.0351341,16956.5236961,18200.1780419,18422.6723575,17979.6405132,17550.1898275,18465.3707655,17921.1368236,18610.2462735,18299.3393475,17687.7229276,18497.1286973,17918.5654695,18033.971365,17869.0560002,16732.2263734,17403.2751332,18349.0386838,18507.7691047,18561.0211327,17973.9041757,18283.1597156,17747.4177351,16490.8049703,16937.922469,18810.9698269,18255.0416699,16923.0626315,17931.8474895,18860.3867638,18768.4642043,17972.9633426,17458.9779883,18097.7230975,18373.3677939,18351.1565062,18034.5404894,17980.5136986,17943.0928528,18133.1837585,18279.8698424,16664.6933048,18084.8893148,18671.7542889,17494.4325071,18319.4687193,16620.218843,18636.6742225,17091.5233687,17762.7834309,17768.4069038,17460.3897073,17896.5275003,17520.8919956,17691.3082934,17702.415719,17604.0700258,17342.5639633,18183.3725485,18129.6346114,18371.610125,16749.9534964,16351.3607218,19111.0512569,18362.4512202,18303.8204028,17298.2874452,18321.763492,18014.2593044,17987.634799,18138.2358548,18169.5939869,18355.8801822,17841.7198264,17067.2456838,17598.8598926,18403.0824506,18084.5017512,18958.7535968,18199.9806075,17317.7228818,16670.2606193,16955.8358491,18059.9496965,18133.1213651,17222.4287329,17033.5811201,16789.5086033,17006.6159522,18380.078663,18084.5069419,17081.6055335,17516.8169592,16065.3637059,17422.575398,17076.3565508,18060.7247248,16518.9920213,17038.606134,17829.7971325,18077.6252112,16643.8958042,16349.5016599,17348.171356
3,16971.9345985,17392.0733829,16853.5241131,17527.9810533,17711.3347844,17718.9113523,17244.5466399,17213.5220586,16912.1401243,17897.5933157,16053.7813055,17969.7932863,16421.729872,17672.6494252,17697.037084,17727.7773772,16808.8454459,17918.5383014,18421.9905963,16773.802564,17014.5640277,18056.1978819,18094.7055229,17195.0785709,16767.8674299,17625.3914008,17770.975169,14764.882117,17664.9561618,17929.2389313,17928.1557542,17438.8090127,16613.4577825,18007.8860287,17485.2827692,16153.376831,18019.2012062,16540.2543002,17731.0915755,17282.8087957,17907.2213693,17590.9520151,18468.8162446,17782.9291507,17980.438269,17701.0226609,17574.6121349,17090.4230676,17507.9851023,17894.9457893,17005.6835949,17566.5922929,17812.6643802,17715.8363407,16325.0404239,17674.5095423,17568.506508,17451.079269,17732.1941991,17637.3165145,18043.7028345,17906.6365356,16759.4248095,18106.3848401,17876.1898538,17575.5833752,17836.4482916,17747.3996341,17656.3833544,17513.9297438,17527.5702767,17549.0093704,16732.861981,17798.3576413,17521.5451991,17661.3090782,17668.9318358,16738.3092833,17810.7630951,18071.6145863,17580.4758157,17274.0916904,18028.8346884,17583.517071,18223.1157832,17903.1698162,17257.5679191,18085.795558,17499.4691822,17672.9876684,17445.3212648,16616.4265114,17225.7169026,18022.2058287,18053.3325863,18109.3872112,17829.5392621,17968.5098916,17515.0688057,16254.3231506,16606.3398889,18367.8127443,17812.7267493,16639.2610705,17496.7478424,18751.0693019,18389.8926835,17578.2718814,17203.9517859,17670.5943677,18019.2304714,17898.9674765,17818.1606508,17524.8216124,17504.3910787,17688.6459228,17830.4232997,16573.3401176,17666.1591868,18218.9859387,17157.8712765,17868.4275039,16477.4994182,18228.1154313,17014.5877962,17345.0517328,17365.3671178,17133.4813819,17555.4222335,17216.1274532,17428.0899264,17260.2464025,17368.448879,17145.7131276,17739.9095295,17679.2722079,17948.253053,16485.4732588,16068.6201057,18715.6701958,17911.3133615,17856.5931158,17048.5095969,18014.4758398,17714.632394,17618.1436105,17696.2801146,17745.3626128,17912.3383985,17710.8014492,16769.4039195,17291.5608616,17994.7771906,17660.1503663,18503.8723208,17748.6533508,17095.1041913,16356.4467597,16653.6881238,17585.2700697,17691.2997116,16976.2929818,16771.2109297,16526.3710177,16835.6722406,17928.9547439,17643.4748002,16866.7367855,17249.0092543,15820.936454,17180.3559595,16906.9219838,17646.8031214,16251.9891386,16727.93158,17567.7338932,17673.7323415,16406.739724,16256.7398416,16981.5604248
4,17448.743437,17640.6629219,17353.2092198,15971.1499703,16888.1802506,15972.8933784,18097.0776361,15642.2424767,17655.4884219,16301.7793422,16838.2624475,16931.7964755,16970.588595,16055.9590657,16472.7128067,16849.4636407,17958.0085146,16099.8765913,16319.7456673,17575.6364401,16956.4737104,15651.8369209,16121.5380119,18446.8237209,17638.3403526,16764.0986071,16984.8882546,18031.6630813,16338.6904727,16091.9790656,16426.574872,17078.9767258,17567.2524457,15766.8244897,17976.1528932,19250.4880294,16422.1349225,18603.5781099,16794.301007,17672.9083041,15741.1476722,16251.5175423,16392.5823109,16110.5720853,17737.3488903,16526.3003604,16594.5987544,17003.0960043,16769.8930701,16325.09999,17057.805114,16398.6800704,16343.2366252,16722.7523403,18213.9623509,16894.5021214,16686.1753495,16069.6533878,15466.4163938,15101.4261353,15733.0797663,16159.0414671,17495.1495363,16828.2039895,16725.932189,16269.7364451,16643.462227,16522.6526458,16945.6956819,17078.5489754,16882.9989001,18208.4014871,17242.4179515,16364.834489,16848.7696978,16732.1696122,16734.6927311,18528.8979301,16124.5406636,16749.6512896,16432.982324,18345.2604337,16511.5431464,16621.5347815,16487.466394,17121.2789322,17463.8863058,15931.8019698,15903.692781,14897.2398266,16333.1827507,19228.9434034,17327.6574411,16567.0757538,16666.6380638,15963.7253289,15625.6410491,16629.9560408,17690.5140845,17675.0921024,17331.0037999,16072.472118,15444.8476623,17061.6553327,16886.1547138,17090.8022212,15721.0738897,16919.9740996,17394.5661925,16677.6029051,15271.3692382,16367.9874667,17321.7276533,17140.6958548,16818.8188158,17475.4929331,16348.5117855,18427.8164339,16931.1523716,16284.3935075,17141.9930084,17141.0361225,17328.622851,16039.6040129,18996.5961546,16476.2314755,16755.7477864,16929.0512079,16323.7993565,17609.3380949,18378.2156292,17805.7187463,17323.9649544,18753.1737642,16775.628541,16364.695862,17158.3137732,17184.5044678,18795.5722689,16641.3532876,16284.3853689,16426.6447238,17470.4817642,16699.9690621,16548.0448301,15581.5417573,15817.0276474,16081.187817,16351.2020724,18243.0306321,17209.2662823,17680.6771316,15874.6709198,16151.7178449,16019.8102863,16214.7697067,17520.4246351,17116.2175184,16810.3813769,17214.9919618,16651.1458443,18539.8055591,17489.0742554,16956.8302245,19842.0341911,16236.8842209,16200.5516602,16683.9565775,17684.3784104,17563.5196406,17981.5307916,18917.9666433,16852.8711529,17955.1453111,17900.2306049,17131.9254543,16924.869372,17903.4715045,18486.3506355,17144.1533271
5,17497.399389,17843.7494535,17266.188051,18273.8479871,18333.3206441,18462.3463369,17666.4797269,17844.5181642,17345.9102639,18665.9076325,16439.9378744,18795.4064896,16839.0567561,18423.6015832,18410.8932693,18460.6965308,17191.9408017,18671.0332436,18866.6009372,17313.6483688,17553.7925124,18620.5549097,18686.9157933,17738.9449409,17030.2005241,18375.4250571,18430.591311,14896.2836197,18426.170819,18664.4592308,18691.6886961,18195.5063056,17096.3757889,18647.1117157,17857.1865024,16551.199377,18661.6401402,16958.5979396,18446.979622,17766.23179,18682.3575244,18342.005321,19135.1183515,18539.5121464,18347.7358679,18454.9790157,18288.171129,17626.6049358,18164.6762853,18645.942747,17555.1753391,18299.194351,18583.8669765,18344.7928878,16232.188931,18419.4773246,18329.9714979,18081.3437629,18537.620262,18043.7708611,18808.2406887,18670.4063628,17161.8014609,18637.1318085,18639.8220135,18317.9069043,18462.5994108,18498.488662,18403.2339062,18273.6212406,18285.6980324,17942.3395573,17296.7819935,18519.976695,18238.4902627,18434.0154562,18396.7074428,17109.2737851,18472.7685046,18668.4127974,18259.0558014,17743.4585235,18770.9460195,18157.4706503,18881.2376167,18576.6580195,17988.8314336,18785.0618947,18211.9328707,18286.6599527,18165.6703149,16813.2862768,17527.5658946,18577.8216823,18825.8746676,18877.1648778,18074.9596152,18503.4145924,17910.0619858,16656.3422441,17170.0302751,19121.1797848,18564.6621144,17121.7237242,18236.4172425,18936.9089871,19033.4642689,18249.2473654,17637.4963299,18396.7132084,18621.2639196,18667.688827,18186.0063764,18299.4981589,18250.1840946,18444.3602435,18594.4824223,16728.6405358,18378.0004044,18988.692134,17730.0253685,18635.1975701,16720.1224405,18922.6653764,17145.3782695,18055.1956196,18050.534754,17689.225535,18135.3011871,17734.2271752,17875.5611504,18011.9342405,17769.0048286,17480.3595482,18493.7966618,18444.8882938,18667.9600753,16935.0896626,16549.279153,19387.8179997,18678.2477213,18616.8795037,17473.1319389,18536.8648486,18223.9981416,18246.2786308,18447.604873,18466.5559487,18666.3594308,17933.3626905,17275.7349188,17813.9692142,18688.8961326,18381.5477207,19277.1704899,18515.9096872,17473.5559652,16889.930321,17167.3392569,18392.2254353,18442.3965226,17394.7237586,17217.2402533,16973.7049133,17126.2765503,18695.8654063,18393.229441,17232.0136571,17704.2823526,16236.4627822,17592.1290049,17194.9607477,18350.4698471,16705.8940392,17256.0783218,18013.2414,18360.35022,16809.9050604,16414.4349326,17604.7990079
6,17342.8509212,17710.9035504,17144.8163045,18054.4753595,18150.3836265,18243.6889885,17542.3817601,17658.9310743,17218.330811,18439.9328335,16326.3624129,18552.5790769,16716.3135549,18202.7333014,18200.9355677,18245.1320739,17079.2656971,18449.7112018,18735.8331899,17154.8701909,17395.1958992,18454.5675486,18512.736302,17578.9842438,16953.0437317,18154.8269229,18236.5865634,14857.6361189,18202.2841551,18448.2179662,18467.1201837,17972.9482783,16954.3410812,18459.1041607,17747.8030515,16434.1927459,18472.6875125,16835.5556927,18236.4243142,17624.0485564,18454.3763023,18121.1072899,18939.1471436,18316.9877359,18239.7071623,18233.2271467,18078.3008366,17468.9043863,17971.5318197,18425.0612888,17393.5601202,18083.7231574,18357.0426835,18159.805668,16259.4981936,18200.3691533,18106.0112067,17895.971853,18300.7302435,17924.2254651,18583.376614,18445.7681783,17043.4553869,18481.0297589,18415.2243195,18099.5764546,18278.4373169,18277.5801244,18183.5719792,18050.1825651,18062.7192807,17826.6542082,17130.9231663,18307.7357968,18027.6240675,18206.7488744,18182.6557937,17000.1665787,18278.0610313,18492.8839118,18059.4734527,17605.4094549,18552.677981,17988.6607741,18687.6723715,18378.5732538,17773.7539294,18579.3953251,18002.384727,18106.1681044,17953.8029472,16755.3863458,17438.7867793,18414.4052548,18598.6564084,18651.347917,18002.7771584,18346.0896804,17793.887521,16538.1013342,17004.238985,18899.6012435,18343.5046541,16979.8229437,18018.8674189,18882.2502561,18844.1785085,18051.9016348,17509.9832287,18183.1488435,18444.1952583,18441.5943121,18077.8164571,18071.6521159,18030.8332076,18222.0913256,18369.759151,16682.9639422,18168.6353404,18762.3079589,17561.7447532,18409.6769624,16648.762728,18718.3859808,17106.9104832,17846.3297705,17849.014861,17525.7713723,17964.7485537,17581.8449041,17743.9519668,17790.8495823,17651.1942552,17381.9341304,18272.0651523,18219.7070921,18456.2815394,16802.8495439,16407.908845,19190.1274691,18452.678792,18393.2658602,17348.2430148,18383.2210225,18074.1846864,18061.5330366,18226.6270029,18254.4402617,18444.5885389,17867.9035019,17126.8140367,17660.3196987,18484.7435026,18169.3720282,19049.7298519,18290.2460588,17362.2466199,16733.0233912,17016.2653942,18154.8856219,18221.4856958,17271.6558831,17086.0551581,16842.1361205,17040.8046945,18470.3034468,18172.7133702,17124.5792831,17570.3785001,16114.2491562,17471.0192856,17110.2434642,18143.5090454,16572.3925979,17100.7410448,17882.2097804,18158.4037852,16691.3270203,16368.0540235,17421.4935422
7,18272.2868809,18388.8755463,17968.6555963,17698.5307693,18209.884691,17743.2076972,18640.9424843,17167.1436205,18247.8860097,18079.1791099,17334.9524767,18672.5428959,17582.1074416,17807.4281744,18059.5358555,18383.9852622,18358.0358858,17904.606474,17642.9901582,18343.7248563,17938.4356298,17265.4500639,17677.3247867,19109.6476853,17891.3785555,18325.0704241,18364.8389438,17450.7175951,18035.9655446,17870.3657458,18171.8380177,18526.5387643,18195.2154974,17473.9359601,18520.674413,19189.95068,17974.0125221,18838.3048635,18312.8860267,18442.7011521,17673.3515511,17933.8541504,18107.0651626,17886.0602557,18457.0963389,18172.6673369,18119.810883,17986.9011219,18132.5973182,18064.9383344,18030.6275694,18005.0324067,18094.2217514,18099.4453807,17575.1453671,18426.0638213,18272.9159151,17545.778509,17477.889958,16464.625646,17682.4063894,17966.2331594,18033.1294056,18099.9717043,18383.5425388,17928.013921,18065.0975159,18176.3814724,18463.3053546,18550.3700882,18404.3121294,18749.2340873,18126.7678049,18017.8847557,18303.2473636,18350.7806274,18273.9675669,18746.8047275,17733.8118591,18150.868316,17937.3080242,18919.5675661,18222.3010672,17891.7705992,18102.1267365,18525.0687238,18724.2794851,17724.8664415,17580.8805577,16692.1770618,17903.608322,18929.0037595,17843.7249098,17927.6984804,18399.3430756,17877.6242601,16616.9285888,17924.2764666,18355.3169997,18041.1694145,18161.1646914,17997.9363767,17385.877942,17821.6515282,18365.8569195,17839.2872502,17542.9217267,18288.3575016,18124.7425081,18228.5933967,17038.4533799,18129.9090098,18105.7944104,18626.588157,18328.2522924,18884.6215793,18089.8016193,18242.8245757,18392.0309658,18148.9850834,18172.4743287,18698.5596748,17551.1362387,17832.8361807,18735.7475613,17967.5182191,18137.4239665,17977.2291436,17672.0761396,18440.5672887,18943.500223,19017.9670755,18053.7304335,18951.7036539,18369.2609959,18066.9452792,18647.0376626,17816.4113901,18976.1931071,18365.844751,18067.0878361,18148.1750471,18126.8111595,17965.8230958,17753.5537978,17217.6403453,17634.805772,17791.1372068,18094.2885941,18509.274387,18007.7180728,18520.6601086,17650.0285304,17823.0976992,18028.2136865,17974.7887506,18093.0815304,17883.4071005,17692.7586259,18755.3343506,18258.7403543,18899.6414554,18109.8375045,17651.785059,19611.8220238,18035.8298048,17906.4304772,17385.0013109,18392.3496213,17873.3769622,18520.0063709,18931.9809077,18313.8150352,18343.7150602,18554.7132383,18040.170444,18343.958367,18252.614604,18211.8714827,18221.6684418
8,17901.3705582,18070.0453787,17677.3634049,17172.0364631,17770.8358489,17218.430061,18343.1073641,16721.7346048,17941.6953229,17536.8395921,17062.3713693,18089.7571054,17287.5237587,17277.3442982,17555.6373718,17866.6305655,18087.6156346,17373.4335736,17329.1475646,17962.6572293,17557.8037583,16867.0803973,17259.2940075,18725.7420124,17706.2022537,17795.6349021,17899.2275495,17357.9635932,17498.6375513,17351.3867108,17632.8735881,17992.3994987,17854.3321987,17022.717828,18258.1541307,18909.1347652,17520.5262157,18543.003471,17807.553288,18101.4613914,17126.1966181,17403.6988757,17636.7342636,17352.0016705,18197.8274455,17640.4628511,17616.1221813,17608.4198032,17669.0506008,17534.8228349,17642.7510441,17487.9015422,17549.8434482,17655.4760534,17640.6875974,17900.2042103,17735.4112164,17100.8859251,16909.3539136,16177.7166955,17142.73261,17427.1015167,17749.0988282,17725.3267854,17844.5080731,17404.0208417,17623.1084906,17646.2009821,17936.1167299,18014.1172669,17869.1631254,18471.5892495,17728.7066196,17508.5066002,17797.1684952,17805.3408312,17760.243609,18484.9474321,17266.513923,17729.5989905,17458.3103873,18588.2498016,17698.4577746,17486.6268961,17637.5701482,18049.6652862,18208.0934749,17231.2666745,17077.9650129,16258.9966258,17395.1266396,18790.0439251,17630.6550331,17535.4990544,17854.0192535,17335.6635543,16443.6906925,17546.6966778,18076.4982843,17757.3912309,17763.2655953,17466.1478775,16855.1000373,17481.089655,17843.737343,17708.1062959,17088.6359017,17814.7277482,17818.7110653,17716.0389209,16613.488593,17587.2821741,17846.1386041,18079.7576536,17801.8101635,18351.1761765,17550.4657681,18133.2007511,17889.5548122,17605.6630632,17768.600852,18157.3102163,17379.8729288,17342.5656313,18643.4248742,17466.2401813,17653.7762233,17584.9391532,17262.7498194,18074.8498378,18627.6381825,18487.3638958,17770.9850572,18715.4826511,17837.1053732,17526.5103949,18139.0091763,17499.035105,18636.9043678,17891.3874777,17525.7224057,17611.5023027,17827.0777416,17597.0779132,17394.0015053,16774.2509192,17104.4588837,17282.0595579,17562.0384537,18352.1723343,17650.3079556,18151.9012714,17160.0622184,17313.8760373,17482.3561553,17433.1960425,17825.9391017,17506.830469,17330.1813555,18185.7187984,17728.5543701,18604.2785542,17794.9932761,17336.0199562,19406.6895699,17494.4811019,17377.1919072,17127.1588133,18070.9803754,17580.06426,18229.3430447,18728.6594273,17817.1091112,18023.3116009,18181.9037735,17725.6945568,17859.2869233,17968.0273078,18100.5573008,17781.7353243
9,15148.2626786,15824.4917258,15421.3375054,14939.3840477,15552.6779775,15138.7546412,15780.1906321,15023.5943979,15406.702581,15231.0906869,14713.5908607,15104.4298159,14973.3600979,15066.4037002,15219.5362057,15184.1167853,15479.279211,15306.9382079,16878.9311781,14900.2200647,15143.1239927,16097.5470208,16039.3875254,15307.5423459,15857.4172797,15022.3334173,15481.7191468,14308.8416076,15023.0935279,15377.5920097,15278.2473088,14812.6242901,14937.4482307,15789.3968794,16194.5580479,14772.6985831,15789.5602,15088.3557869,15246.5389436,15605.0466389,15217.0429489,14984.3552477,16156.3559913,15157.1411069,16705.6995434,15084.3506059,15098.142685,15229.5565838,15228.8804083,15288.5445835,15098.624012,15024.0322091,15136.1377226,15532.9871479,16647.2897229,15089.0331215,14925.7750725,15263.6907311,14936.8919808,16226.6808412,15390.3067523,15255.9059589,15362.9411371,16264.3806556,15225.9370643,14999.2840684,15663.3355837,15140.6788902,15064.3726161,14877.3533726,14896.421007,16183.9222513,14775.7278197,15293.9150431,15033.3240962,14979.5634134,15143.1223763,15450.8442475,15513.2149091,16000.3737359,15225.4041006,15645.1126812,15453.2718332,15591.5605308,15939.0458908,15565.7695813,14719.6533688,15658.9300365,15026.8010867,15543.1838582,14945.2863263,15933.2073255,16178.1233421,16093.891984,15372.1571276,15444.7470743,16977.786272,16112.0759302,16144.2101217,14859.0804144,14650.0026665,15753.1859566,15203.0687175,14964.8318607,14929.6599248,18106.0962767,16156.3207104,15249.5922604,15699.2971917,15150.5348616,15929.8202691,15231.0522011,16541.5196031,14836.238304,14916.0506119,15065.8726923,15178.6886976,16034.3563133,15195.6514316,15547.6526725,15172.160016,15207.2843331,15635.4548115,15817.6185633,16560.6679181,14880.434714,14987.4323804,15204.7222627,15542.901159,15418.0166532,15875.1015607,14651.4474354,15978.2841126,15984.2931972,15123.4777177,15022.1340272,15450.4463285,14925.0398573,14400.4504709,16382.9219354,15249.5999952,15217.9521225,15574.8202924,16201.4786917,15946.8336227,15438.1455989,15088.7412469,15242.3975059,15295.4418749,16938.3830235,15012.13751,15478.4965788,15585.7761569,15156.4771954,15820.0727929,15085.8225365,15781.6539169,14504.9449882,14871.0165443,14784.6602715,15084.5519561,15524.0920509,15223.2268069,14973.8592624,15827.1043423,15267.3236214,15041.3851645,15599.0111723,15668.9437955,14378.8156678,15751.2612726,15907.2580388,15204.6656618,14676.6721307,14894.9517114,16021.5607811,15290.7644102,15007.5188506,15709.4451139,14818.5559305
10,16724.65705,17179.5199378,16659.3293188,17176.9848492,17418.6355564,17369.0595949,17045.9898931,16916.5827148,16708.0129998,17536.0336373,15872.0605672,17581.2694259,16225.3407501,17319.2601743,17361.1047615,17382.8742461,16628.5652784,17564.4230345,18212.7622006,16519.7574793,16760.8094467,17790.6181042,17816.0183368,16939.1414557,16644.4165621,17272.4343861,17460.5675728,14703.0461157,17306.7374996,17583.2529081,17568.8461345,17082.716169,16386.2022501,17707.0739406,17310.2692477,15966.1662211,17716.877002,16343.3867052,17394.203083,17055.3156219,17542.451414,17237.5151653,18155.262312,17426.8900939,17807.5923401,17346.2196704,17238.8196672,16838.1021884,17198.9539573,17541.5354563,16747.0992447,17221.8383833,17449.7455114,17419.8567891,16368.7352441,17323.9364683,17210.1700422,17154.484213,17353.1701695,17446.0438809,17683.9203149,17547.2154404,16570.0710912,17856.6215608,17516.8335434,17226.2546557,17541.7889413,17393.9459739,17304.9242713,17156.427863,17170.804274,17363.9128119,16467.4878574,17458.7722042,17184.1592868,17297.6825474,17326.4491973,16563.737753,17499.2311377,17790.7683693,17261.1440577,17053.2131807,17679.6058267,17313.4212689,17913.411391,17586.2341911,16913.4439123,17756.7290466,17164.1921523,17384.2007111,17106.3334766,16523.7866218,17083.6703181,17760.7395447,17689.7833715,17748.080074,17714.0473313,17716.7900325,17329.1896621,16065.1376948,16341.0738249,18013.2870782,17458.8748128,16412.2198217,17148.6681248,18663.6153324,18087.0354668,17262.5187124,16999.9308239,17328.8913838,17735.9206135,17537.2162527,17645.0567799,17160.2679435,17153.4296595,17333.0156543,17470.8660655,16500.2575679,17331.1750844,17856.7712585,16888.6222921,17507.5945316,16363.3238783,17901.2683984,16953.0393381,17010.8663743,17042.935289,16871.9547217,17282.53802,16972.3158193,17217.5152327,16906.5109494,17179.9519615,16988.2324591,17385.1391144,17318.9822851,17609.5673955,16273.8890688,15842.4276129,18399.365347,17550.4030746,17498.8112862,16848.6873184,17768.645718,17474.9308657,17322.5506598,17342.7155223,17405.9775136,17557.5049716,17606.0667474,16531.130508,17045.7216368,17668.1329827,17320.6692584,18139.9673001,17387.5915455,16917.0092388,16105.3956721,16411.9699435,17205.5263683,17337.8423889,16779.384381,16561.3147775,16315.8609492,16698.9172714,17568.0556086,17290.6490869,16694.8417871,17034.7630904,15625.3946524,16986.5804087,16771.3743303,17315.6658388,16038.3868325,16479.3919368,17358.0833017,17350.6180458,16217.0148598,16182.530387,16688.2716798
11,20786.9903413,20510.1344297,19974.8389425,20709.5987262,20839.6198293,20695.8921039,20777.5937181,19650.9236183,20411.2046028,21182.8350019,19291.4924144,22176.8685908,19621.8417409,20826.7139522,21007.7991602,21505.6559107,20391.7907751,20880.4326947,19144.3290092,21005.2450829,20382.1605541,19237.1639209,19883.8150243,21901.9747769,19304.9270682,21529.0183057,21175.3908037,18866.4490986,21174.6424126,20762.7903797,21277.2547381,21886.2301163,20635.2021337,19827.7876781,20338.8354338,21777.8312629,20503.5116796,21261.2906427,21342.2956554,20744.0661504,20665.5420688,21022.9150148,20625.5604018,20917.099352,20070.7689303,21316.1407323,21127.7970695,20409.4278729,20941.8135268,21096.1394854,20548.693842,21052.8578509,21242.6413544,20718.4762864,17624.0822781,21627.2386205,21523.7176382,20073.6866435,20583.2407934,17683.6066899,20590.1437813,21011.2262514,20051.4247333,20200.0082593,21577.24238,20985.6741594,20621.363455,21294.2770584,21690.3933046,21904.8243668,21699.3399362,20707.2050272,20824.9686196,20949.2378889,21403.4795133,21641.1277783,21358.2083519,20885.6135887,20330.2220888,20541.075219,20743.9610567,21327.1203148,21226.1327796,20267.8281092,20668.4756886,21399.9098706,22109.5603979,20374.1998736,20429.9326845,18795.8637503,20909.5178924,20479.5819132,19245.2863315,20096.8705882,21574.5524627,20841.3716812,17184.7821158,20028.1741397,20199.8825229,20229.0957551,20912.0956648,20858.5686107,20221.8488053,20126.7121913,21585.2309021,18271.4308097,19809.6463149,21182.6418804,20148.8491783,21290.5931873,19096.0523203,21251.6289877,19658.62991,22062.1703855,21556.7979755,22276.5015584,21202.5344469,19414.4308554,21453.437754,21174.2916896,20776.8542988,22012.2812487,18869.9926396,20452.0389579,19827.5003381,20987.733815,21108.5774751,20459.6611212,20007.7362386,20900.7951525,21220.9739934,22581.147364,19868.6733404,20879.1627895,21565.0291457,21228.6098198,21730.5701502,20040.8910333,21849.1709224,20911.4687473,21156.6742428,21256.6994233,20168.0825251,20018.6757062,19784.0154623,19572.0465922,20590.1496424,20662.8866568,21141.4533361,19656.9491063,20425.9573369,20999.5066661,20284.3677273,20734.7128018,20932.5280662,21089.1040787,19924.7064932,20505.4072019,20073.5768106,22341.5319314,21422.8197019,21198.07167,20322.6723109,19798.7161495,21688.2262762,21109.0225469,20963.69879,19004.5390559,20576.7016232,20203.3339611,20597.500727,20747.8599664,21323.2244688,20838.7764441,21255.515788,19962.2084391,21286.9123649,20464.7571709,19488.1782727,21103.5513844
12,12924.9098954,13792.4072977,13769.1931701,10108.2378547,11880.2638843,10177.6634425,14347.1528345,10745.8303103,13833.636942,10260.4510625,13405.2415113,10270.714415,13335.1926802,10165.3856249,10794.9993819,10925.455052,14459.4772648,10246.8638269,13118.4261013,12849.9999008,12450.9928153,11522.2873695,11650.7143872,13575.0075678,15221.7535387,10692.374981,11652.2746753,16113.5140675,10289.4869742,10388.4179926,10401.7674914,10826.0310184,13280.8146083,10968.8745564,14736.00701,15141.5212411,11436.2516056,14581.0431211,11027.672377,13523.1612687,9785.20126754,10290.7822731,11326.4613689,10186.7156525,14719.3031266,10500.052667,10858.298767,12530.4621103,11449.7988089,10422.4398833,12438.7409959,10549.7291101,10246.101213,11698.8875782,18520.0458542,10844.9210959,10523.8898415,11131.9104235,9281.49531789,12328.3549427,9902.10940257,10193.751977,13938.3552475,12698.8407905,10612.4623254,10373.7803602,11693.0890674,10532.9460708,10863.0026812,10819.3919149,10689.2473216,14746.5210093,12388.0523828,10674.3496799,11007.2770111,10487.3568984,10867.7805076,14971.6953854,10996.9332798,12077.5688735,11031.758758,14143.0697936,10670.2269324,12050.9488797,11404.7692553,11671.3358317,11282.5978376,10608.8031327,10330.5147863,10447.1591098,10572.9974007,16925.6661466,14771.9675205,12273.4900882,10537.591307,10064.3574179,14119.4155837,12480.8345119,14335.6805196,13950.0339338,12424.7860561,10331.3188468,9733.82981483,12911.8845233,10838.6330252,15948.0951594,10993.6344159,11460.1952231,13712.7892067,10839.2663706,10911.877702,10307.0387955,14362.4232029,10743.1150662,10738.7116014,11194.1170221,10314.3764302,16662.4144376,11147.9997514,10316.0926249,12349.9650394,10895.5466485,15082.0901885,10764.769093,17404.7621562,10740.759842,11164.8356688,12321.7151158,11770.955023,13168.1407057,14389.8224729,11368.4379009,13977.4845931,15546.1841968,10697.3507681,10275.6756985,11322.9603179,13240.9032806,14084.7804492,11525.7523942,10262.4028806,10411.1429822,13805.6543852,12649.7467123,12570.0082481,10825.4427856,9988.97146519,10451.9344356,10421.0157367,16244.3864607,12855.0555501,13204.3868727,10586.347533,10481.8187404,10158.7676131,10166.8272102,14241.7781836,12454.4273296,12465.6029775,10543.3768067,10615.2257491,14641.4929629,13570.833212,13099.5048274,16654.4958135,10231.3860049,10276.5744268,13667.7719704,13759.2763268,13644.7855045,14329.6100855,16000.7628994,11152.9712977,13724.5651896,13180.0434543,13506.4764036,11356.611721,14149.8144161,16607.0920269,11879.2993316
13,15364.6305335,16010.4759902,15591.2579503,15246.5057264,15808.7898021,15444.8749289,15953.9277856,15283.4163237,15585.3138149,15547.4554056,14872.5965067,15444.3881938,15145.2005796,15375.6192947,15513.4769879,15485.907025,15637.0243575,15616.7890665,17062.0060243,15122.5095137,15365.1592511,16329.9293264,16283.2388132,15531.4873217,15965.436789,15331.1708052,15753.3257935,14362.9481087,15336.5348574,15680.3297801,15592.643226,15124.2055284,15136.2968216,16052.6074565,16347.6948793,14936.5078667,16054.0938787,15260.6149325,15541.3163745,15804.103166,15536.2166598,15293.6124913,16430.7156824,15468.6752816,16856.9397312,15394.8032226,15391.9610943,15450.3373531,15499.2826602,15597.7786249,15324.8853184,15325.6918801,15453.6917329,15791.9692555,16609.0567553,15395.7845613,15239.3194801,15523.2114051,15268.5380067,16394.0443956,15705.116457,15570.3994172,15528.6256406,16482.923525,15540.3738359,15304.946698,15921.1625151,15449.9508429,15371.8993139,15190.1675183,15208.5912593,16345.88174,15007.9301778,15591.0523006,15328.5367694,15297.7366278,15442.7946851,15603.5943365,15785.8053719,16246.1141758,15504.8193889,15838.3813772,15758.8470872,15827.8943576,16210.037234,15843.0882533,15020.7618748,15946.863234,15320.1684879,15795.8724458,15241.9006411,16014.2672289,16302.4141035,16322.6749825,15690.2626905,15760.8908193,17078.8417115,16332.330807,16306.8543723,15024.6176882,14882.1104725,16063.3959145,15512.6891619,15163.4929534,15234.2296777,18182.6185,16421.320775,15525.8762832,15877.8155334,15449.5249725,16177.7163948,15547.5845219,16692.9854901,15155.2227643,15223.1418537,15377.0491773,15493.3012775,16098.3035443,15488.7625212,15864.5905176,15407.7528774,15523.0131839,15735.3584089,16103.6097171,16614.5228189,15172.8469027,15269.5602306,15433.5580904,15781.6748458,15631.3518329,16059.3544177,14960.965957,16143.2189154,16122.0887821,15433.901831,15337.3877097,15746.7962789,15110.1760236,14598.3689022,16659.6886782,15565.3964963,15531.0112234,15749.6647862,16416.5800482,16156.57246,15696.7894308,15398.1102651,15539.3594678,15605.9211235,17030.0258875,15220.6267451,15693.6059005,15871.5898388,15453.5231648,16138.4896861,15401.7516161,15937.4870003,14724.6146899,15082.519952,15116.9360103,15393.8271135,15696.3870766,15406.8859401,15158.0555724,15946.7649404,15583.1103647,15350.1076637,15749.4192959,15856.4091889,14549.9147441,15920.8148795,16025.8622357,15494.4107842,14863.5741486,15112.4238992,16205.0050487,15573.489419,15173.5281068,15774.3783867,15075.1835824
14,16704.7656386,17122.1060098,16675.0160237,16590.3417136,17048.2036071,16735.7634878,17147.4344721,16356.7344384,16779.0285666,16933.7028247,15965.9629375,17103.2255517,16252.0865498,16716.3061309,16866.0617608,16969.2878007,16814.4484514,16910.5677693,17569.5099958,16577.3155882,16603.5499155,17040.1392389,17165.9649169,17108.1131158,16792.5936796,16858.5728669,17089.4415713,15484.9586061,16773.6730798,16929.3208035,16991.3392528,16792.4558726,16496.8196789,16977.6017564,17334.5416728,16635.1380527,17147.5530662,16748.4796354,16970.5056639,17024.8755887,16795.7498899,16703.8483191,17459.8297414,16808.5288581,17649.5941604,16852.9624131,16804.9330589,16674.3399281,16840.6009303,16950.2806942,16614.6759274,16735.9362534,16878.2467089,17005.0972913,16865.5440622,16931.7372589,16788.0229905,16642.2930237,16573.5247015,16704.4804296,16903.8868806,16908.1423073,16647.4908064,17396.5845036,17027.1312025,16703.2955184,17077.7965407,16888.941543,16929.5566189,16846.4878629,16808.9805534,17424.6440269,16445.6039055,16909.3746078,16826.1858359,16860.8577573,16900.2429369,16913.1884289,16902.4388038,17302.301548,16794.6465709,17196.7612048,17103.8417064,16920.9968079,17305.2903231,17212.485181,16771.4537551,17033.1307369,16576.6547227,16527.8210871,16637.6182171,17124.8059068,17029.254249,17249.8822412,17138.6133076,17008.4293387,17098.1085669,17240.559149,17268.4939635,16313.9131139,16373.0276416,17240.0312344,16667.8633267,16390.1076848,16800.2250014,18199.3557043,17249.4735839,16920.3331094,16932.8226345,16888.4355897,16889.5935101,16950.9861869,17423.5776032,16859.1750653,16784.6207954,17079.6853808,16898.1372427,16922.7677127,16958.994823,17169.3773931,16733.2001712,17122.7781393,16511.8809953,17170.2890877,17413.9204201,16605.6820459,16709.1625524,16673.7384318,16821.1349306,16933.4744357,17336.5983932,16843.9028429,17062.8014643,17301.5147422,16944.5105087,16787.675117,17221.5718931,16329.6307641,16396.9323764,17702.8646424,16940.65904,16940.071909,16841.7803285,17301.7395801,17048.451865,16647.1291617,16674.0223224,16799.0296963,16967.6270874,17680.2107734,16507.0673048,17004.7161404,16954.369048,16752.6030048,17314.2552173,16801.0233689,16923.160939,16154.1221249,16315.1767804,16899.3510092,16878.984178,17059.5014374,16622.7140233,16305.0638373,17373.5830888,16942.0322143,16731.4538382,16552.4557985,17023.0919122,15951.0481858,17077.8753694,17197.88994,16930.9181252,16344.0245784,16632.6631437,17131.2027343,16981.650512,16484.4775688,16698.1902673,16563.9449863
15,14344.6106461,15133.6930295,14790.204424,13798.6463843,14601.4054864,14001.7364295,15134.881205,14058.5415304,14743.2894263,14056.0217318,14122.9984612,13841.7272697,14335.0954517,13917.8886349,14127.7561577,14063.1816092,14893.3686668,14156.0635904,16198.9388921,14074.5735396,14318.4216044,15234.4127431,15133.6541706,14475.7467213,15456.2019593,13875.2231195,14472.894459,14107.8746034,13858.8828757,14253.1374341,14110.4910447,13655.322548,14198.8677503,14811.7575933,15625.764103,14164.2641009,14807.0065363,14448.5361031,14151.651343,14865.6938241,14031.5405942,13835.6854858,15137.3057101,14000.0141723,16143.9502745,13931.2408867,14006.8171647,14409.5137266,14224.5291873,14139.9610012,14258.2248738,13903.5820027,13956.651399,14571.0536054,16789.2978886,13949.670631,13761.1815585,14299.7567992,13705.0638846,15605.0447817,14221.0135635,14087.7873997,14747.5415526,15452.6499981,14058.0290554,13863.9657297,14705.6926955,13991.9544946,13922.1305958,13715.4722598,13736.9314983,15582.3584361,13913.2619181,14190.2623728,13936.8198814,13797.7771882,14030.0538009,14883.4867741,14500.7360475,15087.6235307,14187.5758872,14927.2575247,14318.2780326,14713.7491741,14932.5066162,14535.7287998,13601.2503466,14589.4638745,13937.1507396,14604.6262469,13843.5760145,15632.1276842,15716.4719425,15244.1265609,14190.6221797,14270.4988783,16602.4374967,15293.9863879,15540.102905,14244.2276832,13787.8879583,14600.9775418,14053.0499238,14226.9478022,13798.4008424,17821.8708758,15172.0347561,14223.3944613,15036.2290655,14040.0001641,15009.0632308,14055.3607238,15978.9320228,13651.4388799,13775.4259993,13910.0743196,14010.1276865,15796.8380266,14106.9530988,14370.454962,14297.1008165,14034.5771731,15264.3843068,14755.3657061,16360.6354295,13794.332299,13939.5289368,14354.7606169,14656.0274652,14625.6288431,15190.7338064,13501.8072127,15365.6691308,15472.4810244,13970.4738684,13851.1917781,14349.7179415,14237.3912397,13665.3248692,15354.9311766,14076.6415626,14055.1611764,14925.397887,15402.5307959,15167.8036557,14477.468509,13939.6563222,14139.3959334,14142.2332373,16597.9952427,14237.7489228,14679.5190983,14524.182481,14053.1635947,14637.3814755,13912.3716691,15202.8453215,13689.0289533,14085.4324584,13550.4932418,13935.8156571,14884.1390982,14541.064312,14289.7015397,15382.6506922,14094.4014318,13894.7015963,15040.3524274,14972.6437628,13743.3048129,15121.4907326,15466.7281647,14128.4694932,13982.4646357,14087.197871,15340.1963589,14240.642949,14390.913042,15468.2643864,13865.3675093
16,17994.0996389,18149.7529206,17750.1864528,17303.6600397,17880.5980594,17349.62447,18417.5661441,16833.0868587,18018.2429946,17672.4244716,17130.5166462,18235.453553,17361.1696794,17409.8652672,17681.6119927,17995.9692397,18155.2206974,17506.2267987,17407.608213,18057.9241361,17652.9617262,16966.6728139,17363.8017023,18821.7184307,17752.4963292,17927.9937826,18015.6303981,17381.1520937,17632.9695497,17481.1314696,17767.6146955,18125.9343151,17939.5530234,17135.522361,18323.7842013,18979.3387439,17633.8977923,18616.8288191,17933.8864727,18186.7713316,17262.9853514,17536.2376944,17754.3169884,17485.5163168,18262.6446689,17773.5139725,17742.0443567,17703.0401329,17784.9372802,17667.3517097,17739.7201754,17617.1842583,17685.938024,17766.4683852,17624.3020399,18031.669113,17869.7873911,17212.1090711,17051.4879247,16249.4439331,17277.6510549,17561.8844274,17820.1064725,17818.9880151,17979.2666895,17535.0191115,17733.6057469,17778.7461046,18067.913886,18148.1804723,18002.9503764,18541.000459,17828.2219159,17635.8511391,17923.6882123,17941.7007803,17888.6745985,18550.411756,17383.338407,17834.9163219,17578.0597965,18671.0792427,17829.4185977,17587.9128219,17753.7092953,18168.5161456,18337.1399775,17354.6666162,17203.6938991,16367.2917348,17522.2470602,18824.7838837,17683.9225022,17633.5489109,17990.350209,17471.1537307,16487.0001665,17641.091625,18146.2029632,17828.3357768,17862.7403694,17599.0950023,16987.7945134,17566.2301233,17974.2672371,17740.9015345,17202.207358,17933.1351866,17895.218926,17844.1775399,16719.7297897,17722.938883,17911.0525556,18216.4652795,17933.4206957,18484.5375272,17685.2997309,18160.6067073,18015.1738506,17741.4935682,17869.5692212,18292.6225809,17422.6887563,17465.1332686,18666.505546,17591.5596908,17774.6881591,17683.0116508,17365.0813995,18166.2792006,18706.6036926,18620.0146907,17841.6714013,18774.5379018,17970.1442789,17661.619116,18266.0162978,17578.3791763,18721.7265526,18010.001796,17661.0637633,17745.6704888,17902.0110961,17689.2642088,17483.8895784,16885.0982757,17237.0456058,17409.3289702,17695.1009888,18391.4478474,17739.6604849,18244.0909807,17282.5537964,17441.1814528,17618.8205381,17568.5942195,17892.7247089,17600.9746268,17420.8256731,18328.1226865,17861.1008662,18678.1192795,17873.7043332,17414.9612319,19457.9726834,17629.8182776,17509.5015497,17191.6194377,18151.3226869,17653.3924355,18302.0088762,18779.4897974,17941.2855922,18103.4124657,18275.1061397,17804.3135286,17980.4547842,18039.1741318,18128.3858463,17891.7186037
17,18623.3117922,18650.2917857,18275.6344926,17638.38194,18278.5015838,17634.6892263,19040.2221835,17052.7043599,18625.0922633,18019.1878151,17701.4359544,18777.2848124,17903.4369241,17734.5580073,18068.3913385,18487.7535135,18814.33931,17781.9241092,17313.5805469,18782.3505922,18161.8079702,16913.3408653,17445.3021459,19662.5250184,18224.7319747,18440.644427,18459.3243367,18325.3840874,18040.2291182,17735.4126761,18133.2955656,18770.4177336,18646.7162248,17195.6819079,18807.4671204,20139.7384264,17858.1748926,19538.6991863,18394.5213463,18753.5008797,17473.8049599,17930.3425789,17881.9634911,17801.7576051,18558.3670526,18211.6145653,18189.6129764,18201.6201803,18237.7910086,18003.7990717,18286.0807775,18036.2611413,18067.1012522,18128.6552102,18006.4119549,18559.7242229,18388.2735622,17478.4799037,17266.7805344,16009.9711452,17442.0467345,17866.291669,18394.5796982,18014.5795659,18432.8746636,17929.0478631,18043.0941406,18201.5575317,18615.1263269,18776.6829094,18577.6374128,19087.6101401,18502.9450384,17977.8653149,18451.352781,18459.3956336,18361.4852644,19358.1126989,17604.3174613,18083.6708203,17949.8081744,19394.4333548,18170.3802395,17904.4898413,17958.5622569,18626.7231513,19098.4753382,17494.8678989,17496.258673,16268.9778738,17943.374745,19668.982879,18002.3787174,17809.040603,18393.4968337,17679.9342306,16174.2277207,17825.6253719,18573.4400165,18573.7230173,18591.0176042,17756.4690321,17125.6443608,18140.1012645,18539.5333726,17506.2085764,17159.6456689,18419.8016521,18363.6657616,18300.6920785,16617.0910634,18086.3057796,18143.9710399,18872.3257822,18485.8855572,19164.7367087,18056.4086478,18774.9585452,18522.326858,18004.9132382,18420.9256846,18854.9927409,17870.9566655,17592.1274195,19288.9513303,18063.6119283,18287.2989732,18171.302844,17619.9993705,18767.4433559,19378.445424,19485.9621488,18219.3253125,19501.2069398,18460.788013,18076.0729953,18767.0706466,18189.5293705,19869.9866099,18143.8013197,17998.709232,18126.1084144,18419.6375875,17867.6621406,17686.6270896,16985.6082733,17496.4594604,17693.2670384,18036.6608504,18740.5204656,18341.0649867,18848.4134493,17426.2309076,17764.2531075,17748.3591347,17929.813282,18366.3756593,18308.7101848,17958.5427332,19018.7745437,18330.0681276,19475.1214129,18486.0809787,17956.75305,20491.6202951,17951.1551134,17876.4737984,17500.4578199,18702.047689,18492.3431978,18901.9646577,19561.8179977,18425.7732455,18969.7562653,19080.79391,18127.7657638,18459.6622769,18804.6646093,18838.8455449,18537.2748658
18,17899.2254052,18189.1488017,17581.7545916,18844.2168188,18808.9568896,19030.8554427,17989.1344404,18327.0445979,17677.6168412,19253.4421101,16735.2340741,19426.7577628,17158.1890792,18997.8591158,18956.7832933,19021.1641189,17484.8960738,19246.4705523,19206.5970802,17726.4716314,17966.1437065,19052.1220486,19139.7824708,18154.8427532,17230.8081843,18948.980206,18935.0036549,14996.7671218,19008.2761451,19226.6865186,19275.5668281,18774.1571767,17465.6660292,19135.9313588,18141.5834749,16855.4166181,19152.9169721,17278.5077815,18994.4234223,18135.9081975,19275.1087017,18916.340202,19644.6434921,19118.0756137,18628.6105023,19031.5338753,18833.8338892,18036.6263644,18666.8518958,19220.2345381,17975.3749082,18859.4194542,19173.6101383,18825.759659,16161.1848481,18989.1585698,18912.2682549,18563.3107289,19153.5343101,18354.5888908,19392.8872831,19254.4656424,17469.5012531,19042.9971373,19223.776018,18885.5660737,18941.4208549,19072.8508598,18974.3549163,18854.561797,18865.4427868,18243.1214649,17728.0149443,19071.8030301,18786.7423701,19024.9085688,18953.2417305,17392.9525218,18979.0079355,19124.7879,18777.9699081,18102.3861018,19338.4429198,18596.3763287,19384.507254,19091.6784102,18548.0329447,19319.7949757,18756.7580443,18755.9387583,18716.5254708,16963.8260974,17758.3915944,19002.7043939,19416.6421415,19464.2889757,18262.6340029,18912.4593635,18212.1155941,16963.7686097,17601.0876292,19697.2839922,19139.6715112,17490.6657534,18802.0467836,19079.0216876,19525.607246,18762.3462649,17969.030393,18951.9805572,19081.6424387,19255.5345656,18467.3001665,18891.897871,18820.4964009,19022.2594298,19178.7629279,16847.3996791,18922.3495708,19577.2909893,18167.5549683,19221.5511501,16905.6576928,19453.7918049,17245.3945138,18598.2468271,18574.4864758,18114.2063579,18578.738034,18130.4210803,18217.7450275,18586.7543519,18075.3123195,17736.2656346,19070.2985864,19030.3594184,19218.3242689,17278.9139714,16916.8419539,19901.8133791,19264.7269376,19198.2749768,17797.8431416,18936.3387965,18613.5131251,18726.6171758,19022.1473354,19018.056735,19242.9637495,18103.5565809,17662.9292124,18213.4579545,19219.6929705,18933.204521,19868.5161486,19102.6351208,17762.960263,17297.8883385,17560.1312998,19009.3089502,19016.7646721,17714.7002349,17558.3215007,17315.7837746,17348.5033754,19282.3265011,18966.5712252,17511.3430295,18052.4323689,16554.2182096,17907.0142749,17415.2256847,18888.5679314,17052.9977867,17659.9552419,18353.9236112,18885.4109507,17118.2079647,16535.0252964,18081.3932185
19,5535.34798207,7561.47655062,7872.01487795,1294.40661163,4173.99548695,1538.26757059,8061.29709985,3480.07740665,7471.26061541,1175.45818557,7649.19715981,0.564743285754,7338.73298343,1328.39657353,2160.16716929,1776.00756336,8470.88770153,1540.70720659,8745.17729554,5024.21739904,5278.41465552,5773.13315976,5205.42316572,5357.98699004,11058.2647929,1301.1294704,3414.62384323,11904.9670579,1097.3430343,1927.38535512,1310.08584249,969.51498971,6102.88940706,4095.32695718,9390.90739867,7494.88612357,4036.70676061,7435.12803037,2149.99879881,6761.24950745,1036.61093635,1244.49771106,3966.94685917,1316.12277397,9986.31405781,1291.38434968,2044.21049972,5420.58240684,3215.29464876,1549.71788819,5046.15739711,1621.72397074,1027.66669702,4026.78208104,18345.9258586,1460.5048696,995.444963305,3733.55792997,202.332830153,8790.95720687,1403.76130189,1283.41088535,8001.81533838,6554.83317489,1255.96049584,1419.13009474,4208.45334387,1400.16785037,1401.40075815,979.467754546,1027.14265297,8988.29353876,4459.30876606,2092.53117848,1917.44675718,843.582027706,1829.10980152,8664.37600821,3402.41006428,5082.47705024,2811.38200928,7058.46061624,1876.99983373,5091.58622591,3899.28764417,3244.89715678,1341.83260353,2866.46940625,1992.90654959,4316.59089254,1767.13605733,12331.8316166,10656.0623705,5929.3901922,1239.18140485,1398.93211518,12488.0374595,6326.46640474,8918.15841472,7504.49582184,4337.78442615,1971.00068622,1447.07468535,6138.60331433,1398.06090098,14706.3232117,4382.74641166,2974.68781747,7767.98229727,1866.83136382,4916.1495418,1167.97337662,9812.10662319,664.214423895,1272.42543901,1240.74600275,1200.90121882,13193.2721921,2173.14445079,1466.5569813,4705.10574452,1179.90253442,11196.8806982,3111.44015701,14167.9716119,1888.97890322,2452.89503588,5037.87334573,4934.52735963,5939.83938546,7689.01034519,899.981693727,8650.46644577,9862.23220789,1331.7778283,1015.86327824,2284.04139107,6699.70446978,5607.2173114,4086.57093561,1219.21258972,1309.18349717,7806.72921254,6644.8327074,6628.43670964,3946.96963906,1343.91772428,2048.80177277,1501.29240277,12866.8214914,5749.25863985,5921.49671545,2887.48257208,1959.14912501,1673.26511184,1049.54485404,8858.21264032,4745.33395512,5474.2222862,22.1238775532,1343.8985329,7869.27019442,7063.51388794,6790.28034891,10510.7549122,1237.36973821,1325.28555937,8916.5931093,7340.12417356,6777.12813393,8218.23673645,10637.8430066,2331.70379857,6372.88247905,5232.97308224,7871.39403797,2729.69616223,7631.96475557,12824.5525661,3416.95596935
20,10635.4474191,11945.3913542,11877.2825099,8533.70332211,10210.9170656,8753.96006784,12156.5300028,9604.45137305,11681.3825585,8632.62655443,11397.1873869,8013.86936382,11389.2586229,8617.04987223,9088.77132046,8889.63464251,12189.1661551,8844.3345867,13060.5129567,10263.8972699,10512.1028891,11250.7160764,10953.346379,10636.6899923,13604.4389418,8580.86789884,9816.78051553,13180.3345842,8485.60294251,9063.34708505,8720.84674905,8313.92989185,10790.0347637,10299.5762728,13000.5612801,11356.1049526,10272.1434728,11495.5221777,9098.32395599,11453.2962171,8559.99126457,8534.13273856,10433.9967203,8659.42832036,13551.2613412,8609.19602901,8969.93014786,10624.7005393,9589.06201317,8838.80600627,10379.4596204,8732.27335766,8512.86836656,10131.360332,17444.7201918,8691.07452094,8386.13457107,9850.83095953,8019.70344064,12735.9552765,8824.27576914,8696.47097262,11907.2357782,11706.2008094,8667.68439873,8624.03493605,10285.8024422,8690.14959177,8650.24434838,8352.94404707,8385.44145816,12805.9100583,9932.6500646,9096.48081729,8876.0311975,8343.37922589,8892.81422223,12264.9138201,9827.75668614,10874.9302758,9397.59951755,11614.079879,9079.84510675,10662.3121433,10286.9407332,9781.69442382,8439.39024427,9653.46620366,8907.99529115,10272.8218872,8758.7591904,14242.52934,13585.7731754,11322.1323004,8737.38395872,8850.89182016,14870.0585336,11518.1885002,12751.9157512,11406.4458468,9808.89699739,9283.09254995,8745.27087603,10821.3290705,8577.20507758,16510.061333,10629.1765058,9487.09692705,11975.9146368,8914.45540607,10759.4153618,8629.09236709,13382.3739598,8183.13384582,8511.00471078,8575.62029143,8616.7691738,14700.5997805,9082.1915628,8937.23475959,10258.3660493,8622.08258839,13551.7512085,9852.66021177,15437.408559,8781.55192182,9103.05150484,10431.8607132,10562.7642628,10968.4543346,12032.1134017,8195.77541522,12538.2153687,13110.2709964,8648.91764101,8446.84293606,9269.43307816,11063.6283892,10272.4374764,10610.3584435,8662.98725823,8688.4337325,11928.0637083,11715.0789692,11572.280731,10043.574248,8636.18743887,9048.6194447,8819.73183331,15026.9747158,10663.647751,10991.9307266,9624.51936143,8960.94697587,9178.8061645,8496.44458909,12531.4210347,9923.26263826,10459.6597543,7854.33772001,8633.95581531,11930.5100861,11392.6220282,11132.050512,13331.3261533,8680.91440291,8602.31589652,12461.9274514,11758.9513042,10810.1777902,12214.857471,13433.5133613,9161.41025336,10778.4300435,10359.1032231,12195.4374869,9393.92851245,11545.0400793,14355.1225674,9466.0363346
